pt1_cam1_Z,pt1_cam2_X,pt1_cam2_Y,pt2_cam1_Z,pt2_cam2_X,pt2_cam2_Y
415.765801,528.348432,423.168972,387.812634,817.625342,435.078848
415.98,527.96,423.05,388.01,817.269993,435.342035
415.97,527.91,423.11,388.374017,817.092319,438.500269
415.99,527.86,423.19,388.01,817.092319,438.500269
416.03,527.83,423.26,387.624553,816.73697,440.342572
416.11,527.699345,424.130453,388,816.73697,440.342572
416.1,527.96,424.04,387.624553,816.559296,441.921689
416.09,527.86,424.25,388.01,816.559296,441.921689
416.1,527.85,424.18,388.374017,816.026272,445.079922
416.11,527.1945,425.305597,388.02,816.026272,445.079922
416.15,526.95,425.16,390.872229,815.493249,445.869481
416.34,526.94,425.09,391.371872,815.315575,447.185412
416.33,526.91,425.13,391.371872,815.315575,447.185412
416.33,526.86,425.18,391,814.249528,447.448598
416.31,526.79,425.27,391.371872,814.249528,447.448598
416.3,526.329051,425.626091,391.371872,814.071854,447.97497
416.3,525.96,426.04,388.873659,813.361156,450.870018
416.31,525.89,426.08,390.372587,813.361156,450.870018
416.54,525.85,426.12,390.622408,813.361156,450.870018
416.68,525.8,426.17,390.622408,813.361156,451.133204
416.68,525.75,426.23,391.12205,813.005807,451.133204
416.69,525.66,426.33,391.12205,812.117435,452.975507
416.73,525.3,426.72,391.12205,812.117435,452.975507
416.89,524.98,426.98,391.12205,812.117435,452.975507
416.88,524.94,427,391.01,812.117435,452.975507
416.88,524.89,427.02,391.871514,811.584412,456.133741
416.88,524.84,427.05,391.871514,810.518366,456.396927
416.89,524.79,427.06,392.870799,810.518366,456.396927
416.9,524.73,427.09,392.620978,810.518366,456.396927
416.94,524.65,427.13,392.870799,810.518366,456.396927
416.98,524.55,427.18,392.870799,810.441224,457.292429
417.09,524.04,427.57,393.620263,810.520191,457.292429
417.07,523.93,427.8,393.620263,810.204325,457.292429
417.06,523.87,427.81,394.619548,809.809493,457.058486
417.03,523.79,427.83,390.622408,809.809493,457.058486
417.02,523.71,427.86,390.622408,809.493628,457.058486
417.02,523.59,427.9,390.872229,808.624997,457.409401
417.04,523.16,428.06,391.12205,807.6774,456.941514
417.06,523.1,428.06,391.12205,807.6774,456.941514
417.17,523.05,428.05,391.371872,807.282568,456.590599
417.17,523,428.04,391.371872,807.361535,456.590599
417.16,522.94,428.03,391.371872,807.361535,456.590599
417.15,522.89,428.02,391.371872,807.282568,456.122713
417.17,522.83,428,391.371872,806.729803,454.719053
417.2,522.76,427.98,390.872229,806.80877,455.18694
417.23,522.66,427.98,390.872229,807.045669,454.368138
417.27,522.54,427.96,390.872229,807.045669,454.251167
417.46,522.11,428.08,390.872229,807.124635,453.432365
417.63,522.05,428.05,390.622408,806.887736,452.145678
417.65,521.99,428.02,390.622408,806.729803,451.092933
417.65,521.92,427.99,390.622408,806.729803,450.391103
417.66,521.85,427.96,390.622408,806.571871,449.104415
417.69,521.76,427.93,388.623838,806.887736,448.051671
417.83,521.64,427.91,388.623838,807.045669,447.466812
417.8,521.47,427.92,388.623838,806.729803,446.531039
417.79,521.09,428,388.623838,807.440501,445.712238
417.79,521.02,427.96,388.623838,807.756367,445.478295
417.79,520.96,427.9,388.623838,807.282568,443.72372
417.8,520.9,427.85,388.124196,807.673106,443.454132
417.82,520.83,427.77,388.124196,808.199548,442.518359
417.85,520.78,427.67,391.516718,808.936568,441.894511
417.9,520.75,427.53,391.516718,808.620703,441.426624
418.01,520.81,427.14,391.516718,808.725991,440.490851
418.02,520.69,427.08,391.516718,809.08,439.23
418.02,520.53,427.04,391.516718,808.99,438.1
418.03,520.08,427.14,390.036295,808.98,437.17
418.03,520.01,427.07,388.259789,808.725991,436.435835
418.03,519.94,427.01,388.259789,808.725991,435.032175
418.04,519.86,426.93,388.259789,809.252434,434.720251
418.09,519.78,426.86,388.555873,809.252434,432.848705
418.23,519.67,426.79,387.66762,809.147145,431.912932
418.2,519.52,426.77,389.444127,808.936568,430.821197
418.19,519.12,426.85,389.444127,809.041857,430.041386
418.18,519.04,426.75,389.444127,809.357722,428.637726
418.18,518.99,426.61,389.444127,809.673588,429.261575
418.18,519.03,426.21,389.444127,809.778876,428.013878
418.2,518.97,426.11,389.444127,809.778876,426.454256
418.21,518.91,426.02,390.036295,809.673588,426.142332
418.26,518.82,425.94,390.036295,809.989454,425.674445
418.52,518.74,425.86,390.036295,809.95,425.08
418.69,518.64,425.78,390.036295,809.94,424.25
418.7,518.49,425.75,389.740211,809.9,423.35
418.72,518.09,425.81,389.444127,810.05,422.71
418.73,518.04,425.68,390.036295,810.04,421.93
418.74,518,425.52,390.036295,809.95,421.03
418.78,518.04,425.17,390.036295,809.86,420.14
418.94,517.97,425.09,391.220633,809.8,419.31
418.92,517.89,425.01,391.220633,809.94,418.71
418.9,517.82,424.93,391.220633,809.94,417.97
418.89,517.74,424.84,390.628464,809.88,417.11
418.89,517.67,424.75,390.628464,809.88,416.36
418.89,517.52,424.71,388.555873,810.03,415.87
418.9,517.09,424.78,389.148042,809.92,415.1
418.91,517.04,424.65,390.924549,808.805035,413.905236
418.93,517.02,424.47,390.924549,808.15,413.03
418.99,517.03,424.18,390.628464,807.3,412.13
419.1,516.97,424.09,390.628464,807.71,411.8
419.1,516.91,424.01,390.628464,807.98,411.18
419.09,516.83,423.94,389.444127,808.07,410.83
419.09,516.77,423.87,389.444127,807.89,410.06
419.08,516.72,423.79,389.444127,807.96,409.74
419.08,516.63,423.75,391.220633,807.79,409.11
419.08,516.52,423.69,391.220633,807.541572,407.4588
419.07,516.09,423.8,391.220633,807.26,406.22
419.07,516.05,423.69,391.220633,807.26,405.89
419.07,516.01,423.58,391.220633,807.12,405.31
419.22,516.06,423.25,389.740211,807.11,405.01
419.22,516.03,423.17,389.740211,807.11,404.74
419.21,515.99,423.12,389.740211,806.94,404.06
419.2,515.94,423.08,389.740211,806.82,403.67
419.19,515.9,423.03,389.740211,806.68,403.26
419.18,515.86,422.99,389.740211,806.65,402.95
419.17,515.81,422.95,389.740211,806.55,402.81
419.16,515.75,422.88,390.036295,805.97,402.6
419.16,515.69,422.83,390.036295,805.72,401.75
419.18,515.58,422.84,391.220633,805.47,401.35
419.19,515.14,423,391.220633,805.576186,400.388515
419.21,515.08,422.98,391.220633,805.79,399.93
419.4,515.05,422.94,390.924549,805.88,399.56
419.58,515.01,422.91,390.924549,806.02,399.12
419.52,514.98,422.88,390.924549,805.83,399.03
419.51,514.94,422.86,390.628464,805.63,398.99
419.32,514.89,422.84,390.924549,804.96,398.99
419.31,514.86,422.83,390.924549,804.39,399.01
419.29,514.81,422.83,390.924549,804.19,399.01
419.28,514.77,422.82,391.220633,804.1,398.99
419.28,514.72,422.83,391.220633,804.01,398.99
419.29,514.69,422.82,391.220633,803.94,399
419.32,514.62,422.85,391.220633,803.9,399.01
419.58,514.463938,422.437268,391.220633,803.85,399.01
419.72,513.98,422,389.444127,803.81,399.04
419.71,513.95,422.02,389.444127,801.505029,397.061322
419.72,513.92,422.04,389.444127,800.32,398.31
419.71,513.89,422.06,389.444127,799.36,399.19
419.71,513.85,422.08,389.444127,800.662721,398.10107
419.72,514.463938,422.812423,386.779367,799.820413,398.724918
419.74,514.15,422.97,386.779367,799.14,399.97
419.91,513.98,423.05,387.371536,798.3,401.14
419.9,513.95,423.09,387.371536,799.680028,399.556716
419.89,513.94,423.12,388.851958,799.399258,399.972616
419.88,513.91,423.18,388.851958,799.46,400.15
419.88,513.89,423.24,389.148042,799.22,400.9
419.88,513.856106,423.862856,389.444127,798.91,401.94
419.88,513.99,424.04,389.444127,798.73,402.81
419.89,513.97,424.08,389.444127,798.88,403.34
419.9,513.95,424.14,389.444127,798.91,403.95
419.92,513.93,424.23,389.444127,798.82,404.88
419.95,513.501537,424.763228,389.444127,798.74,405.82
420.06,513.81,425.13,389.740211,798.72,406.69
420.06,513.94,425.3,390.036295,798.86,407.49
420.05,513.91,425.43,390.036295,799.02,408.21
420.05,513.86,425.58,390.33238,799.01,409.22
420.04,513.8,425.73,391.516718,799.03,410.15
420.07,513.77,425.82,391.516718,799.07,411.17
420.06,513.74,425.91,391.516718,799.07,412.53
420.06,513.72,425.99,391.516718,798.93,413.99
420.06,513.71,426.06,392.701055,799.02,415.08
420.06,512.944357,426.263848,392.701055,799.02,416.36
420.19,512.83,426.11,391.516718,798.89,417.77
420.17,512.99,426.13,391.516718,798.97,418.87
420.17,512.96,426.24,391.516718,798.99,420.07
420.17,512.539136,427.314282,391.516718,798.99,421.32
420.17,512.74,427.27,391.516718,799.02,422.43
420.18,512.97,427.12,392.404971,799,423.75
420.19,512.96,427.19,392.404971,798.99,424.88
420.19,512.93,427.28,392.701055,799,426.05
420.19,512.9,427.39,392.701055,799,427.13
420.19,511.779345,428.214654,392.701055,798.99,428.12
420.3,511.79,428.24,392.701055,798.97,429.34
420.29,511.97,428.12,392.701055,798.88,430.53
420.28,511.93,428.22,392.701055,799.680028,434.284292
420.27,511.89,428.3,392.701055,799.96,435.03
420.25,511.84,428.41,392.701055,799.91,436.02
420.24,511.63,428.81,392.701055,799.86,436.99
420.22,511.19,429.05,392.701055,799.78,437.96
420.2,511.16,429.12,392.701055,799.67,438.93
420.18,511.13,429.18,392.701055,799.36,439.98
420.16,511.11,429.24,392.701055,798.89,440.81
420.13,511.07,429.34,392.701055,798.276181,440.522779
420.26,511.04,429.41,392.701055,797.97,441.73
420.24,510.98,429.55,392.701055,797.92,442.43
420.24,510.9,429.79,394.181477,797.8,443.05
420.24,510.86,429.83,394.477562,797.61,443.84
420.24,510.82,429.87,395.069731,797.08,444.46
420.22,510.77,429.91,395.6619,796.96,445.05
420.19,510.72,429.95,395.957984,796.9,445.84
420.16,510.66,429.98,395.365815,796.82,446.21
420.15,510.61,430,395.365815,796.68,446.81
420.12,510.55,430.03,395.365815,796.53,447.07
420.1,510.12,430.23,396.254068,796.04,447.44
420.19,510.07,430.27,396.254068,795.98,448.04
420.16,510.03,430.31,396.254068,795.5929,449.247697
420.14,509.98,430.33,396.254068,795.6,449.15
420.12,509.93,430.36,396.254068,795.56,449.39
420.11,509.88,430.36,396.254068,795.24,449.73
420.11,509.83,430.36,396.254068,794.83,449.83
420.1,509.77,430.35,396.254068,794.282643,452.57489
420.09,509.73,430.34,393.885393,793.97,453.05
420.09,509.65,430.35,393.885393,793.89,453.05
420.09,509.58,430.35,400.103166,793.69,452.97
420.18,509.060164,430.251756,393.122713,793.346744,452.297624
420.16,508.97,429.98,393.122713,793.05,451.85
420.16,508.92,429.95,393.122713,792.92,451.43
420.17,508.87,429.91,393.122713,792.87,451.14
420.16,508.81,429.88,393.122713,792.81,451.15
420.16,508.73,429.85,392.771798,792.81,451.04
420.16,508.63,429.83,392.771798,792.8,450.04
420.16,508.47,429.85,392.771798,792.76,449.04
420.14,508.1,429.92,392.771798,792.75,448.05
420.25,508.04,429.87,392.771798,792.78,447.08
420.22,507.99,429.8,392.771798,792.79,446.11
420.21,507.93,429.71,392.771798,792.82,445.18
420.22,507.88,429.6,393.122713,792.85,444.18
420.22,507.9,429.26,393.122713,792.88,443.08
420.22,507.82,429.17,393.122713,792.9,441.83
420.22,507.236667,429.351385,393.122713,792.98,440.66
420.22,506.94,428.93,393.122713,792.84,439.22
420.35,506.87,428.85,393.122713,792.86,438.04
420.31,507.236667,428.851178,393.473628,792.9,436.9
420.28,506.94,428.9,393.473628,792.98,435.82
420.26,506.87,428.78,393.473628,793.02,434.74
420.27,506.763908,427.850765,395.228202,793.08,433.68
420.28,506.696371,428.150889,395.228202,793.09,432.56
420.3,506.628834,427.850765,395.228202,793.03,431.4
420.5,506.561297,427.750723,395.228202,793.01,430.31
420.64,506.358687,427.650682,395.228202,793,429.2
420.6,505.93,427.9,395.228202,793.01,428.15
420.58,505.85,427.77,394.877287,793.09,427.28
420.53,506.088539,426.650269,394.877287,793.15,426.37
420.34,506.088539,426.650269,394.877287,793.700018,425.713523
420.32,505.61578,426.650269,394.877287,794.02,424.97
420.32,505.480707,426.250103,394.877287,794.01,423.93
420.49,504.92,425.89,394.877287,793.99,422.92
420.64,505.548244,426.350145,394.877287,793.96,421.92
420.62,505.9,425.94,394.877287,793.91,420.94
420.6,505.278096,425.549814,394.877287,792.701726,418.504605
420.56,504.96,425.76,394.877287,792.3,417.78
420.62,504.85,425.72,394.877287,792.26,416.88
420.77,504.81,425.47,394.877287,792.16,415.9
420.74,504.8,425.11,394.877287,792.04,414.98
420.7,504.66,425.01,394.877287,791.88,414.16
420.68,504.43,424.97,395.228202,791.77,413.65
420.66,504.05,424.96,395.228202,791.45,413.03
420.64,503.99,424.8,395.228202,790.68,412.09
420.58,503.94,424.59,395.228202,789.87,411.17
420.61,503.98,424.16,395.579117,789.06,410.34
420.73,503.89,424.04,397.333691,788.29,409.61
420.67,503.77,423.94,397.333691,788.2,408.94
420.61,503.62,423.85,397.333691,788,408.15
420.54,503.12,423.95,397.333691,788.01,407.73
420.33,503.05,423.83,397.684606,787.83,407.06
420.28,503,423.66,397.684606,787.74,406.41
420.27,503,423.4,397.684606,787.62,405.98
420.27,502.98,423.11,397.684606,786.85,405.09
420.43,502.92,423.01,397.684606,786.04,404.15
420.59,502.81,422.92,397.684606,785.33,403.72
420.52,502.7,422.82,397.684606,785.29,403.02
420.33,502.49,422.81,397.684606,785.28,402.44
420.29,502.07,422.87,397.684606,785.29,401.88
420.25,502.01,422.75,397.684606,785.38,401.23
420.23,501.98,422.6,398.035521,785.21,400.95
420.39,502.02,422.23,398.035521,785.06,400.69
420.5,501.96,422.15,398.035521,784.97,400.15
420.44,501.88,422.08,398.035521,784.74,400
420.24,501.79,422.03,398.035521,784.47,399.91
420.19,501.68,421.99,398.035521,783.93,399.84
420.17,501.54,421.96,398.035521,783.36,399.72
420.15,501.08,422.07,398.035521,783.05,399.57
420.25,501.02,422.01,398.386436,782.81,399.15
420.23,500.97,421.97,398.386436,782.6,399.12
420.2,500.91,421.92,399.088266,781.89,399.35
420.17,500.83,421.87,399.088266,781.2,399.82
420.14,500.73,421.82,399.088266,780.84,400.02
420.13,500.58,421.83,399.088266,780.971803,395.583943
420.27,500.11,421.97,398.386436,779.973512,395.953631
420.24,500.04,421.93,397.333691,779.84,396.1
420.2,499.98,421.89,396.982776,780.17,396.34
420.16,499.92,421.84,396.982776,780.1,397.13
420.13,499.86,421.81,396.982776,780.1,398.24
420.13,499.77,421.79,396.982776,780.16,399.28
420.28,499.66,421.79,396.982776,780.24,400.26
420.23,499.46,421.86,396.982776,780.31,401.35
420.19,499.07,421.97,396.982776,780.33,402.48
420.14,499.01,421.95,396.982776,780.26,403.95
420.11,498.95,421.94,396.982776,780.24,405.02
420.1,498.88,421.93,396.982776,780.27,406.09
420.21,498.8,421.94,397.333691,780.17,407.42
420.16,498.68,421.96,395.579117,780.12,408.9
420.12,498.051645,421.548161,395.579117,780.1,410
420.09,497.97,421.92,395.579117,780.09,411.11
420.11,497.91,421.98,395.579117,780.13,412.11
420.14,497.86,421.98,395.579117,780.14,413.2
420.23,497.79,421.99,395.579117,780.23,414.24
420.19,497.69,422,395.579117,780.26,415.4
420.16,497.241202,423.548987,394.526372,780.16,416.93
420.15,496.91,424.09,394.526372,780.2,418.02
420.16,496.84,424.1,397.333691,781.09659,417.580385
420.25,496.8,424.02,397.333691,782.05,418.16
420.19,496.7,424.03,397.333691,782.8,419.01
420.15,496.57,424.07,397.333691,783.04,420.13
420.15,496.07,424.35,397.333691,782.98,421.26
420.14,495.87,424.7,396.982776,783.02,422.41
420.23,495.78,424.76,396.982776,782.8,424
420.17,495.65,424.82,396.982776,782.92,425.09
420.12,495.48,424.9,400.14101,782.93,426.22
420.09,495.09,425.03,399.088266,782.99,427.31
420.11,495.02,425.04,399.088266,783.03,428.43
420.23,494.96,425.05,398.737351,782.81,430.06
420.19,494.91,425.07,397.684606,782.63,431.84
420.15,494.85,425.09,397.333691,782.594027,433.661817
420.15,494.77,425.13,397.333691,783.04,435.01
420.16,494.67,425.18,399.790095,783.01,436.07
420.15,494.52,425.27,399.790095,782.96,437.06
420.2,494,425.64,399.790095,782.92,438.04
420.15,493.88,425.81,399.790095,782.89,439.03
420.11,493.8,425.84,399.439181,782.77,439.98
420.11,493.71,425.85,399.439181,782.61,440.94
420.1,493.58,425.91,398.737351,782,441.98
420.17,493.16,426.08,398.737351,781.31,443
420.12,493.08,426.11,399.439181,781.13,443.93
420.07,493.02,426.12,399.439181,781.17,444.84
420.05,492.97,426.12,399.439181,781.346163,446.600901
420.03,492.9,426.13,399.439181,780.84,447.91
420,492.83,426.13,399.088266,780.19,448.88
420.07,492.73,426.16,399.088266,780.05,449.75
420.02,492.6,426.21,399.088266,780.02,450.53
419.99,492.03,426.6,399.088266,779.96,451.06
419.99,491.9,426.77,399.088266,779.77,451.96
419.98,491.84,426.77,399.088266,779.49,452.8
419.96,491.76,426.76,400.14101,779.13,453.46
420.03,491.66,426.75,400.14101,778.99,454
419.98,491.5,426.8,400.14101,778.85,454.81
419.93,491.09,426.93,400.14101,779.580646,457.332846
419.9,491.01,426.9,400.14101,779.84,457.75
419.88,490.93,426.88,400.14101,779.52,458.11
419.86,490.85,426.83,400.14101,779.05,458.52
419.92,490.76,426.8,400.14101,778.91,458.88
419.87,490.67,426.76,400.14101,778.68,459.03
419.84,490.5,426.79,400.14101,778.12,459.19
419.8,490.11,426.9,400.14101,777.97,459.5
419.78,490.04,426.85,400.14101,777.83,459.92
419.76,489.97,426.79,401.193755,777.44,460.09
419.73,489.9,426.69,401.895585,776.98,460.41
419.79,489.86,426.55,401.895585,776.68,460.92
419.77,489.89,426.17,401.193755,776.05,461.06
419.71,489.81,426.06,401.193755,775.46,461.17
419.68,489.7,425.99,401.193755,775.14,461.29
419.66,489.47,425.99,400.14101,774.87,461.36
419.66,489.07,426.03,400.14101,774.7,461.4
419.76,488.97,425.94,400.14101,774.21,461.17
419.7,488.87,425.82,400.14101,773.89,460.87
419.64,488.76,425.68,399.439181,773.66,460.55
419.56,488.72,425.41,399.439181,772.925371,461.276185
419.29,488.7,425.02,399.439181,772.1,460.08
419.28,488.4,424.98,399.439181,771.15,458.47
419.28,488.01,424.96,399.439181,769.764115,459.304515
419.32,487.91,424.8,400.491925,769.597733,458.811598
419.41,487.86,424.51,400.491925,769.82,458.32
419.39,487.87,424.04,399.790095,769.94,457.35
419.34,487.72,423.9,399.790095,769.81,455.92
419.31,487.47,423.79,398.386436,769.13,455.05
419.31,487.03,423.72,398.737351,768.6,453.85
419.54,487,423.28,399.439181,768.15,452.09
419.64,486.92,422.95,399.790095,767.95,449.96
419.62,486.77,422.76,399.790095,767.9,448.02
419.62,486.68,422.43,399.790095,767.92,446.11
419.65,486.56,422.02,399.790095,767.98,444.17
419.73,486.04,422.01,399.790095,767.96,442.3
419.69,485.9,421.83,399.790095,770.26326,437.862606
419.66,485.83,421.47,399.790095,769.97,436.04
419.65,485.77,421.04,399.790095,770,434.55
419.77,485.45,420.97,399.790095,770.06,433.02
419.72,485.02,420.91,399.790095,769.96,431.26
419.71,484.92,420.63,399.790095,770.08,429.93
419.74,484.92,420.1,399.790095,769.99,428.42
419.89,484.74,419.94,396.631862,769.96,426.93
419.85,484.41,419.83,396.631862,769.77,425.23
419.83,483.98,419.69,396.280947,769.79,423.97
419.87,483.94,419.28,396.280947,769.77,422.69
419.97,483.86,418.98,396.280947,769.43,421.05
419.92,483.64,418.84,396.280947,768.81,419.35
419.89,483.07,418.86,396.280947,768.13,418.01
419.93,482.97,418.6,396.280947,767.67,416.86
420.02,482.97,418.12,396.280947,767.4,415.83
419.96,482.83,417.99,396.631862,767.15,414.88
419.93,482.6,417.9,396.631862,766.89,413.98
419.96,482.06,417.94,396.280947,766.68,413.05
420.03,481.94,417.78,396.280947,765.93,411.99
419.98,481.86,417.52,395.930032,765.11,410.94
419.95,481.82,417.15,395.930032,764.32,410
420,481.59,417.07,395.930032,764.13,409.18
420.07,481.06,417.11,395.930032,763.98,408.46
420.04,480.93,417.01,395.930032,763.91,408.12
420.04,480.78,416.91,395.930032,764.772658,406.808805
420.2,480.49,416.89,395.930032,764.64,406.26
420.16,480.03,416.92,396.631862,764.14,406.01
420.13,479.92,416.82,396.631862,763.21,405.82
420.12,479.78,416.71,396.631862,762.11,405.89
420.26,479.54,416.69,396.631862,761.112256,405.083594
420.22,479.03,416.77,396.631862,760.79,405.14
420.19,478.91,416.65,397.684606,760.44,405.18
420.37,478.81,416.51,398.035521,760.613111,406.315888
420.82,478.74,416.24,398.035521,761.08,406.56
420.91,478.44,416.28,397.684606,761.02,407.79
420.92,477.95,416.4,397.684606,760.95,408.89
420.89,477.81,416.33,397.684606,760.9,409.82
420.85,477.6,416.33,398.035521,760.88,410.73
420.78,476.98,416.64,398.035521,760.91,411.79
420.75,476.37,416.97,396.982776,760.94,412.98
420.93,476.16,416.98,395.04799,760.98,414.24
421.06,476.01,416.95,395.602522,760.95,415.67
421.05,475.88,416.92,395.879788,760.94,416.96
421.01,475.7,416.91,396.988853,760.98,418.13
420.97,475.37,416.99,396.711586,761,419.36
420.97,474.95,417.06,396.988853,760.9,420.81
421.08,474.81,417.05,396.988853,760.91,421.96
421.05,474.6,417.06,397.543385,760.97,423.07
421.03,474.02,417.25,397.543385,760.98,424.19
421.12,473.9,417.24,397.543385,760.95,425.42
421.3,473.74,417.26,397.543385,758.450146,428.250715
421.22,473.23,417.58,398.375183,756.2,430.25
421.15,472.76,417.87,398.375183,758.283764,431.701137
421.11,472.11,418.04,398.929715,758.59,432.86
421.16,471.82,418.08,398.929715,758.63,433.88
421.18,471.51,418.15,398.929715,758.71,434.89
421.16,471.2,418.24,398.929715,758.77,435.86
421.29,471.05,418.22,398.929715,758.82,436.85
421.6,470.93,418.22,400.316045,758.78,437.84
421.91,470.77,418.2,400.316045,756.952709,440.080734
421.87,470.52,418.29,399.761513,756.07,441.42
421.8,469.88,418.64,399.761513,755.19,442.84
421.71,469.16,419.04,399.761513,754.59,443.91
421.68,468.87,419.06,399.761513,754.61,444.83
421.74,468.57,419.09,399.761513,754.37,445.79
421.75,468.2,419.19,399.761513,755.28889,447.967414
421.93,468.02,419.16,399.761513,754.91,448.95
422.02,467.9,419.13,399.761513,754.31,449.95
421.99,467.71,419.12,399.761513,753.74,450.91
421.9,467.33,419.23,399.761513,753.04,451.86
421.81,466.93,419.32,399.761513,752.54,452.68
421.76,466.79,419.3,399.761513,752.27,453.48
421.89,466.27,419.62,399.761513,752.1,454.07
422.04,465.83,419.85,399.761513,751.71,454.88
421.99,465.21,420.03,399.484247,751.03,455.66
421.91,465.04,420,396.988853,750.57,456.01
421.84,464.92,419.95,396.988853,750.2,456.55
421.85,464.78,419.92,396.988853,749.91,456.93
421.93,464.5,419.97,397.266119,749.78,457.21
421.87,464.01,420.05,397.266119,749.16,457.76
421.89,463.88,420.01,397.266119,748.83,457.97
421.95,463.65,419.99,397.266119,748.134469,459.550974
421.89,463.06,420.11,399.761513,747.81,460.18
421.91,462.93,420.04,399.761513,747.13,460.25
421.96,462.74,420.01,399.761513,746.89,460.34
421.9,462.39,420.04,399.484247,746.63,460.53
421.95,461.97,420.08,398.097917,745.96,460.85
421.97,461.81,420.03,398.929715,745.305977,460.536809
421.94,461.55,420.02,397.820651,744.94,460.97
422,461.01,420.12,397.820651,744.89,460.93
422.02,460.9,420.06,398.07578,744.82,460.82
421.99,460.71,420.01,398.07578,744.76,460.88
422.05,460.34,420.05,398.07578,744.65,461.14
422.09,459.95,420.07,398.07578,744.66,461.08
422.08,459.78,420.01,398.07578,744.77,460.92
422.1,459.48,420.02,398.07578,744.42,460.3
422.15,458.99,420.05,398.07578,743.75,459.28
422.15,458.85,419.98,398.07578,743.02,457.99
422.15,458.65,419.92,398.815156,741.978339,457.579304
422.26,458.06,420.02,398.815156,741.54,456.92
422.24,457.93,419.94,396.966715,741.35,455.85
422.23,457.77,419.86,396.966715,741.29,454.85
422.4,457.43,419.87,396.966715,741.28,453.86
422.85,456.96,419.88,396.966715,741.27,452.86
422.96,456.81,419.77,396.966715,741.3,451.87
422.97,456.53,419.74,396.966715,741.33,450.87
422.95,456,419.79,396.966715,741.43,449.9
422.91,455.89,419.59,394.378899,741.88,449.09
422.89,455.88,419.17,394.748587,741.91,448.04
422.89,455.68,419.08,396.227339,741.92,447.05
422.93,455.34,419.07,396.227339,741.93,446.05
422.99,454.93,419.06,396.227339,741.95,445.09
422.99,454.75,418.97,396.227339,741.94,444.07
423,454.4,418.95,395.487963,741.93,443.1
423.09,453.96,418.94,395.857651,741.89,442.11
423.08,453.79,418.83,395.857651,741.88,441.16
423.08,453.52,418.76,395.487963,741.85,440.17
423.21,453.02,418.79,395.857651,741.86,439.18
423.53,452.92,418.58,395.857651,741.86,438.13
423.7,452.92,418.14,395.857651,741.84,437.18
423.65,452.73,418.05,395.857651,741.83,436.25
423.62,452.4,418.03,395.857651,741.82,435.37
423.7,451.96,418.01,395.857651,741.8,434.46
423.86,451.81,417.91,395.857651,741.92,433.95
424,451.52,417.86,395.857651,741.87,432.96
424.02,451,417.87,395.857651,741.86,432.01
423.99,450.89,417.7,395.857651,741.81,431.1
423.98,450.8,417.45,395.857651,741.81,430.19
423.99,450.71,417.12,395.857651,741.72,429.2
424,450.4,417.08,395.857651,742.1,429.64
424.1,449.95,417.06,396.597027,740.31452,424.307375
424.09,449.79,416.97,396.597027,739.35,422.74
424.09,449.52,416.93,396.597027,738.22,421.19
424.25,449.01,416.95,396.597027,737.39,419.98
424.22,448.89,416.8,396.597027,736.9,418.92
424.24,448.78,416.59,397.336404,736.43,417.91
424.26,448.74,416.19,397.336404,736.26,417.02
424.56,448.5,416.12,397.336404,736.17,416.21
424.93,447.99,416.16,394.378899,736.6,415.78
424.97,447.86,416.07,395.487963,737.26,415.13
425.01,447.67,416,395.487963,737.92,414.67
425.03,447.08,416.07,395.487963,738.27,413.97
425.03,446.96,415.98,395.487963,737.11,412.79
425.01,446.83,415.89,395.487963,736.04,411.87
425,446.66,415.79,395.857651,735.16,410.88
425,446.06,415.9,395.857651,734.24,409.92
425.02,445.95,415.79,395.857651,733.32,409.01
425.14,445.84,415.68,396.597027,732.37,408.12
425.12,445.76,415.52,396.597027,731.5,407.28
425.11,445.72,415.19,396.597027,731.85,406.92
425.13,445.5,415.16,396.597027,732.12,406.37
425.27,444.98,415.27,396.597027,732.1,405.89
425.24,444.87,415.19,395.857651,732.09,405.33
425.25,444.72,415.15,395.857651,732.13,404.83
425.31,444.51,415.12,395.857651,732.1,404.54
425.5,444.01,415.23,395.857651,732.08,403.82
425.94,443.92,415.16,395.857651,730.622819,399.220966
426.01,443.79,415.12,395.857651,730.36,398.89
426.03,443.61,415.1,395.857651,730.01,398.57
426.08,443.06,415.24,395.857651,730.06,397.92
426.07,442.97,415.18,395.857651,731.066504,397.249296
426.05,442.86,415.14,395.857651,730.7,396.92
426.04,442.72,415.1,395.857651,730.24,396.84
426.03,442.5,415.11,395.118275,729.76,396.74
426.05,442.01,415.25,392.530458,728.848079,395.93485
426.2,441.91,415.21,392.530458,728.49,396.03
426.18,441.79,415.17,392.900146,728.19,396.09
426.16,441.6,415.17,393.269834,728.03,396.08
426.17,441.03,415.38,393.269834,727.93,396
426.35,440.83,415.61,393.269834,727.738866,396.920685
426.32,440.71,415.56,393.269834,727.753395,395.364508
426.32,440.35,415.73,393.269834,728.07,395.02
426.53,439.96,415.84,393.269834,728.16,395.23
426.8,439.87,415.8,392.900146,728.21,395.64
427.01,439.72,415.8,392.900146,728.01,396.64
427,439.44,415.89,392.900146,727.87,397.4
426.98,439.02,415.99,392.900146,727.88,397.84
426.97,438.92,415.97,392.900146,727.9,398.31
426.99,438.8,415.96,392.900146,727.92,398.98
427.13,438.61,415.98,392.900146,727.86,399.81
427.13,438.07,416.13,392.900146,727.81,400.75
427.12,437.98,416.12,392.900146,725.83076,403.908411
427.13,437.88,416.12,392.900146,724.18,406.44
427.29,437.75,416.12,392.900146,723.16,408.25
427.27,437.58,416.16,392.900146,722.25,409.86
427.26,437.02,416.41,392.900146,723.908125,408.508974
427.27,436.82,416.68,392.900146,725.682865,411.576016
427.51,436.65,416.75,392.900146,726.72,412.73
427.64,436.08,416.97,392.900146,727.87,413.15
427.7,435.98,416.99,392.530458,729.06,413.22
427.86,435.9,416.99,393.269834,730.09,413.21
427.85,435.79,417,393.269834,726.71813,417.271951
427.84,435.65,417.03,393.269834,725.53497,419.68177
427.91,435.42,417.08,393.269834,724.48,421.87
428.01,435.01,417.2,393.269834,725.23,422.42
427.99,434.92,417.19,394.378899,725.78,423.07
428,434.82,417.19,394.378899,725.65,424.07
428.04,434.68,417.22,394.378899,725.25,425.15
428.14,434.3,417.47,394.378899,724.92,425.9
428.11,433.84,417.83,394.378899,724.6476,430.197343
428.13,433.28,418.04,394.378899,724.3,431.24
428.16,433.13,418.05,393.639523,724.16,432.12
428.24,433.03,418.04,393.269834,724.06,433
428.21,432.94,418.04,393.269834,723.93,433.9
428.24,432.84,418.02,393.269834,723.69,434.83
428.26,432.72,418.03,392.900146,723.11,435.77
428.35,432.51,418.07,392.900146,722.85,436.7
428.33,432.01,418.23,392.900146,722.76,437.4
428.34,431.93,418.2,392.900146,722.55,438.01
428.36,431.84,418.16,392.900146,721.91,438.89
428.56,431.72,418.15,392.900146,721.31,439.75
428.72,431.55,418.17,392.900146,720.98,440.27
428.75,430.99,418.46,392.900146,720.79,440.68
428.88,430.78,418.68,392.900146,720.46,441
428.84,430.59,418.72,392.900146,720.09,441.28
428.81,430.06,418.89,393.269834,719.79,441.72
428.82,429.96,418.84,393.269834,719.38,442.12
428.85,429.86,418.78,394.009211,718.96,442.68
428.95,429.73,418.73,394.009211,718.55,442.81
428.92,429.49,418.78,394.009211,718,442.93
428.92,429.03,418.89,394.378899,716.809165,444.87533
428.93,428.93,418.85,395.487963,716.51,445.19
429.04,428.83,418.79,395.487963,716.15,445.31
429.02,428.71,418.71,395.487963,715.87,445.54
429,428.47,418.72,395.487963,715.29,445.66
429.01,428.01,418.81,395.487963,714.82,445.78
429.03,427.91,418.71,395.487963,714.11,445.74
429.12,427.83,418.59,395.487963,713.67,445.79
429.09,427.84,418.21,395.487963,713.16,445.68
429.12,427.71,418.12,395.487963,713.407579,445.094404
429.16,427.48,418.08,395.487963,712.96,444.96
429.3,427.01,418.12,395.487963,712.84,444.92
429.26,426.9,418.03,392.900146,711.87,445.05
429.28,426.76,417.94,392.900146,711.01,444.92
429.34,426.46,417.93,392.900146,711.337049,442.90366
429.54,426,417.94,392.900146,710.96,442.38
429.65,425.87,417.82,392.900146,711.03,441.87
429.68,425.76,417.66,391.421394,711.05,440.98
429.76,425.66,417.42,391.421394,711.02,440.1
429.85,425.57,417.09,391.421394,710.98,439.26
429.84,425.03,417.14,391.051706,710.95,438.34
429.84,424.91,417,392.530458,710.94,437.39
429.91,424.74,416.9,391.421394,710.94,436.41
430.02,424.43,416.87,391.421394,710.96,435.35
430,423.99,416.85,391.421394,710.98,434.28
429.99,423.87,416.62,391.421394,711.02,433.19
430.02,423.88,416.11,391.421394,711.04,432.1
430.19,423.7,415.98,391.421394,711.632839,429.759194
430.17,423.35,415.95,391.421394,712,428.74
430.15,422.97,415.9,391.051706,711.97,427.36
430.22,422.83,415.72,391.051706,712.02,426.15
430.37,422.76,415.44,392.900146,712,425.02
430.33,422.67,415.08,392.900146,711.96,423.97
430.31,422.32,415.02,392.900146,711.9,422.92
430.36,421.95,414.97,392.900146,711.84,421.83
430.6,421.8,414.8,392.900146,711.36,420.33
430.74,421.69,414.55,393.639523,710.88,418.96
430.76,421.61,414.13,393.639523,710.07,417.48
430.84,421.26,414.08,394.378899,709.21,415.85
430.92,420.93,414.02,394.378899,710.449679,411.576016
430.91,420.76,413.9,394.378899,710.05,410.82
430.91,420.46,413.84,394.378899,709.74,409.71
431,420.01,413.82,394.748587,708.97,408.57
431.03,419.91,413.59,394.748587,708.13,407.19
431.02,419.91,413.16,394.748587,707.36,406.02
431.05,419.73,413.06,395.487963,707.33,405.12
431.19,419.4,413.03,395.487963,707.28,404.23
431.14,418.98,413.02,392.530458,707.24,403.34
431.1,418.84,412.92,392.530458,707.16,402.47
431.17,418.65,412.84,392.530458,707.14,401.83
431.26,418.09,412.93,392.16077,706.98,401.01
431.21,417.97,412.83,392.16077,706.81,400.19
431.21,417.87,412.69,392.16077,706.49,399.39
431.4,417.77,412.53,392.16077,706.02,398.77
431.5,417.73,412.21,392.16077,705.77,398
431.53,417.47,412.2,392.16077,705.09,397.38
431.8,417.01,412.26,392.16077,704.38,396.97
432,416.91,412.18,392.16077,703.71,396.72
431.97,416.79,412.15,392.16077,702.96,396.17
431.93,416.58,412.15,392.16077,702.18,395.89
431.89,416.03,412.33,392.16077,701.4,395.42
431.87,415.92,412.29,392.16077,701.21,394.85
431.89,415.79,412.29,392.16077,701.723873,392.735615
431.97,415.58,412.34,391.791082,701.7,392.76
431.96,414.96,412.68,391.791082,701.19,392.36
431.98,414.4,413.02,391.791082,700.64,391.86
432.09,414.19,413.05,391.791082,700.04,391.42
432.05,414.06,413.06,391.791082,699.41,391.15
432.06,413.96,413.06,391.791082,698.89,390.84
432.2,413.87,413.08,391.421394,697.98,390.77
432.16,413.74,413.11,391.421394,697.23,390.82
432.15,413.55,413.17,391.421394,696.103863,390.544871
432.35,413,413.44,392.16077,695.18,391.73
432.47,412.76,413.75,393.269834,694.772808,391.202094
432.6,412.14,414.01,394.378899,694.52,392.05
432.76,412.03,414.03,394.378899,694.24,393.25
432.98,411.93,414.05,393.639523,694.13,394.25
432.95,411.83,414.07,393.639523,694.12,395.25
432.91,411.67,414.11,393.639523,694.15,396.35
432.88,411.44,414.21,393.639523,694.18,397.45
432.91,410.94,414.5,394.009211,694.09,399.06
433.02,410.62,414.85,393.639523,694.329123,400.184146
432.99,410.06,415.06,392.16077,694.62,400.85
433.02,409.96,415.08,389.942642,694.8,401.92
433.11,409.86,415.1,389.942642,694.97,403.06
433.07,409.71,415.15,391.421394,695.03,404.26
433.11,409.47,415.29,391.791082,695.04,405.5
433.22,408.89,415.66,391.791082,694.94,406.92
433.18,408.24,416.07,391.791082,694.82,407.97
433.21,408.08,416.11,391.791082,694.85,408.88
433.39,407.99,416.12,391.791082,694.78,409.81
433.53,407.89,416.14,391.791082,694.329123,414.204909
433.66,407.75,416.19,392.16077,693.99,415.14
433.76,407.5,416.31,393.269834,693.96,416.22
433.75,406.9,416.68,393.269834,694.04,417.22
433.83,406.24,417.07,393.269834,694.04,418.21
433.89,406.08,417.09,393.269834,694,419.23
433.86,405.98,417.1,394.378899,694.05,420.18
433.93,405.88,417.1,395.118275,693.97,421.25
433.98,405.74,417.11,395.118275,693.97,422.16
433.95,405.51,417.19,395.487963,694.376108,427.493225
434.01,404.97,417.48,395.487963,694.76,427.85
434.05,404.66,417.8,395.857651,694.49,428.96
434.03,404.06,418.01,397.706092,693.98,430.12
434.09,403.95,418,396.966715,693.91,431.13
434.16,403.84,417.99,397.336404,693.83,432.05
434.13,403.66,418,398.07578,693.82,432.94
434.16,403.06,418.2,398.07578,692.009788,435.379905
434.27,402.95,418.18,398.07578,691.29,435.99
434.26,402.84,418.14,398.07578,690.42,437.02
434.25,402.65,418.15,396.597027,690.37,437.74
434.46,402.02,418.4,396.227339,690.39,438.3
434.58,401.28,418.93,398.07578,690.15,439
434.61,401.1,418.91,398.07578,689.99,439.67
434.73,400.98,418.84,398.445468,689.94,440.09
434.67,400.85,418.76,396.227339,689.68,440.85
434.64,400.7,418.71,396.227339,689.09,441.35
434.77,400.35,418.82,397.706092,688.87,441.87
434.7,399.95,418.88,397.706092,688.657501,444.434981
434.67,399.83,418.8,399.184844,688.7,444.2
434.75,399.62,418.77,401.033285,688.49,444.74
434.79,399.02,418.89,402.142349,687.92,444.93
434.76,398.91,418.79,402.142349,687.28,445.09
434.81,398.79,418.69,401.772661,686.92,445.37
434.9,398.53,418.67,401.772661,686.51,445.89
434.89,398,418.76,399.184844,686.291181,445.603378
434.89,397.91,418.58,400.293908,685.88,445.96
435.03,397.9,418.18,398.478752,685.72,446
435,397.73,418.11,398.478752,685.32,445.98
434.99,397.4,418.1,400.121811,684.78,445.93
435.04,396.96,418.09,398.478752,683.530474,442.682386
435.07,396.79,418.01,398.478752,682.01,442.03
435.06,396.48,418,398.478752,682.18,441.94
435.07,395.98,418.01,399.464587,682.52,441.91
435.14,395.81,417.92,399.464587,682.78,441.95
435.12,395.57,417.85,399.464587,681.755734,442.682386
435.11,395.01,417.86,399.464587,682.6,442.98
435.23,394.9,417.66,399.793199,683.07,442.78
435.2,394.79,417.47,399.793199,683.9,442.77
435.2,394.66,417.12,400.121811,684.72,442.75
435.22,394.37,417.06,400.121811,685.01,442.13
435.34,393.92,417.03,400.121811,684.65,441.09
435.72,393.75,416.93,400.121811,684,439.65
435.97,393.52,416.84,400.450422,683.04,437.91
435.99,392.99,416.8,400.450422,682.16,436.01
435.98,392.9,416.58,400.450422,682.04,434.94
435.97,392.84,416.14,400.450422,682.06,434.02
435.95,392.62,416.04,400.450422,682.01,433.08
435.94,392.04,416.04,400.450422,681.93,432.15
435.96,391.91,415.92,400.450422,681.88,431.19
436.04,391.75,415.8,400.450422,681.79,430.21
436.15,391.53,415.63,400.450422,681.69,429.17
436.16,391.08,415.31,400.450422,681.43,428.03
436.14,390.96,415.12,400.450422,681.03,426.81
436.11,390.8,415,400.450422,680.93,425.81
436.11,390.61,414.91,400.450422,680.87,424.84
436.13,390.01,414.91,400.450422,680.82,423.85
436.32,389.9,414.74,400.121811,680.7,422.79
436.5,389.79,414.46,399.793199,680.58,421.73
436.73,389.7,414.09,399.793199,679.97,420.51
436.75,389.48,414,399.793199,678.97,418.85
436.74,388.95,413.97,399.793199,677.93,417.2
436.76,388.36,413.98,399.793199,677.13,415.99
436.91,388.14,413.86,399.793199,676.44,414.93
437.02,388.02,413.7,399.793199,676.04,414.02
437.03,387.95,413.48,399.793199,675.76,413.18
437.03,387.91,413.11,400.450422,674.92,412.07
437.02,387.79,412.99,400.450422,678.60064,411.135668
437.01,387.62,412.91,400.450422,678.995027,409.675172
437.01,387.03,412.94,398.150141,677.811867,409.675172
437.01,386.92,412.83,398.478752,677.26,408.96
437.14,386.81,412.7,398.478752,677.07,408.04
437.24,386.71,412.49,398.150141,676.97,407.15
437.23,386.73,412.09,399.135976,677.06,406.6
437.21,386.6,411.99,400.121811,677.02,405.95
437.22,385.95,412.07,400.450422,676.85,405.07
437.24,385.31,412.15,402.750704,676.628707,403.833187
437.31,385.17,412.07,402.422092,676.33,403.1
437.57,385.05,411.99,401.436257,676.18,402.53
437.92,384.95,411.91,401.436257,676.04,402
437.94,384.83,411.8,401.436257,675.79,401.21
437.97,384.7,411.69,401.436257,675.7,400.85
438.01,383.387163,409.599835,401.436257,675.26,400.14
438.02,383.627295,409.421983,403.407927,674.89,399.74
438.03,383.91,408.95,402.750704,674.62,399.13
438.03,382.366605,409.244132,403.407927,673.97,398.95
438.03,382.366605,409.244132,403.407927,673.12,398.68
438.02,381.91,408.96,403.407927,672.37,398.12
438.03,381.81,408.91,402.422092,672.16,398
438.19,381.946376,409.333058,404.06515,671.95,397.87
438.26,381.9,409.04,404.06515,671.89,397.43
438.36,381.766277,409.333058,404.722374,671.75,397.11
438.43,381.9,409.05,405.708209,671.38,396.99
438.65,381.526146,409.155207,405.708209,670.68,396.97
438.68,381.526146,409.155207,403.079315,669.97,396.9
438.72,380.925818,408.88843,403.407927,668.938166,396.530706
438.87,380.925818,408.88843,403.407927,668.48,396.99
439,380.925818,408.88843,404.393762,668.15,397
439.01,380.565621,408.88843,404.393762,667.92,396.98
439.01,380.565621,408.88843,404.393762,667.49,397.03
438.99,380.085358,408.88843,404.722374,667,397.08
438.98,379.92,409,404.722374,666.91,397.04
438.97,379.605095,409.066281,404.393762,665.783072,393.609713
438.99,379.48503,409.244132,403.407927,665.77,394.09
439.02,378.94,408.99,403.407927,666.1,394.18
439.14,379.184866,409.599835,403.407927,666.13,394.55
439.13,378.94,409.99,403.407927,666.06,395.55
439.15,378.85,409.99,403.407927,665.585879,395.946507
439.2,378.74,410,403.407927,665.17,397.06
439.44,378.62,409.99,404.722374,665.06,397.84
439.91,378.49,410.01,403.736539,665.07,398.47
439.93,377.99,410.11,403.736539,665.07,399.03
439.98,377.92,410.1,403.736539,665.03,399.74
440.02,377.81,410.1,403.407927,665.16,400.25
440.07,377.71,410.1,402.422092,665.05,401.05
440.1,377.58,410.11,402.422092,664.98,401.87
440.1,377,410.29,402.422092,665,402.59
440.07,376.9,410.28,402.422092,665.08,403.29
440.07,376.81,410.28,402.750704,665.06,404.14
440.07,376.243257,410.31124,402.750704,665.02,405.01
440.08,375.92,409.98,401.764869,665.03,405.89
440.14,375.82,409.98,403.079315,665.03,406.69
440.23,375.72,409.98,403.736539,665.2,407.33
440.24,375.57,410,405.050985,665.1,408.19
440.24,375.04,410.18,405.379597,665.02,409.03
440.29,374.94,410.19,405.379597,664.84,409.85
440.57,374.84,410.19,405.379597,665.23,410.23
440.75,374.71,410.21,405.379597,664.88,411.26
440.8,374.442273,410.844793,407.022655,664.82,412.04
440.98,373.91,411,407.022655,664.008332,416.393454
440.98,373.53,411.11,407.022655,663.31,417.28
440.97,373.3,411.21,404.722374,663.26,418.23
440.97,373.17,411.26,404.722374,663.13,419.07
441.04,373.08,411.31,407.022655,663.13,419.99
441.12,372.99,411.36,407.022655,663.04,420.89
441.11,372.89,411.39,407.022655,663.416752,424.572233
441.09,372.78,411.42,407.022655,663,425.96
441.08,372.66,411.44,407.022655,662.76,426.91
441.15,372.39,411.63,407.022655,662.53,427.81
441.23,371.98,411.94,407.022655,661.96,428.83
441.23,371.88,411.97,407.679878,661.45,429.68
441.22,371.77,412,407.679878,661.74,430.26
441.24,371.63,412.04,407.679878,661.85,431.04
441.48,371.15,412.22,407.022655,661.4,431.98
441.62,371.05,412.24,406.365432,660.97,432.87
441.62,370.98,412.23,407.679878,661.05,433.3
441.69,370.88,412.25,408.665713,660.63,434.11
441.85,370.76,412.28,408.665713,659.99,434.94
441.84,370.61,412.32,408.665713,659.5,435.58
441.82,370.1,412.58,408.665713,659.42,436.1
441.82,369.97,412.74,407.679878,659.06,436.93
441.85,369.87,412.74,407.351267,659.02,437.36
441.97,369.75,412.75,407.679878,658.8,438.01
441.94,369.55,412.78,407.679878,658.64,438.65
441.91,369.11,412.94,408.00849,658.28,439.09
441.9,369.03,412.94,408.337102,657.94,439.84
441.91,368.95,412.94,408.337102,657.81,440.27
442.03,368.84,412.92,408.337102,657.53,440.86
442.01,368.69,412.92,407.022655,657.11,441.22
442,368.48,412.96,407.022655,656.89,441.7
442.01,368.11,413.05,407.022655,656.74,441.98
442.03,368.03,413.02,407.022655,656.49,442.13
442.04,367.95,413,404.722374,655.86,442.37
442.14,367.86,412.99,404.722374,657.500952,444.142882
442.15,367.73,412.98,405.050985,657.87,444.19
442.17,367.55,412.98,404.393762,657.47,444.26
442.19,367.11,413.09,404.393762,656.98,444.39
442.18,367.03,413.03,404.393762,656.95,444.78
442.31,366.96,412.98,404.393762,656.65,444.92
442.32,366.85,412.95,404.393762,655.96,444.91
442.34,366.7,412.93,404.393762,655.05,444.76
442.35,366.47,412.95,405.050985,654.55,444.6
442.35,366.09,413.04,405.708209,654.740245,445.01918
442.55,366.02,412.99,406.03682,655.02,444.94
442.69,365.94,412.93,406.03682,655.02,444.84
442.7,365.85,412.85,406.365432,654.99,444.87
442.74,365.73,412.77,406.365432,654.543051,443.850783
442.79,365.54,412.75,406.365432,653.97,443.15
442.88,365.1,412.83,406.365432,653.13,442.4
442.87,365.02,412.76,406.365432,652.571118,442.974485
442.86,364.94,412.66,406.365432,652.13,441.98
442.87,364.88,412.51,406.365432,652.05,441.15
442.9,364.84,412.22,407.351267,651.99,440.25
442.94,364.75,412.11,407.351267,652.12,439.65
443.02,364.58,412.05,407.351267,652.15,438.98
443.02,364.1,412.13,407.679878,652.05,438.16
443.01,364.02,412.03,406.03682,652.21,437.64
443.01,363.92,411.94,406.03682,652.22,436.91
443.03,363.79,411.85,406.03682,652.18,436.08
443.06,363.63,411.75,406.03682,652.29,435.38
443.16,363.13,411.8,406.03682,652.38,434.64
443.13,363.06,411.63,407.022655,652.44,433.84
443.11,363.01,411.43,407.022655,652.99,433.35
443.12,362.96,411.15,407.022655,653.06,432.81
443.16,362.87,411.07,408.243621,652.99,432.04
443.32,362.74,410.99,407.586398,652.97,431.29
443.3,362.59,410.9,407.586398,653.04,430.51
443.28,362.14,410.95,407.586398,653.02,429.48
443.27,362.05,410.82,407.586398,653.557085,427.785325
443.31,361.98,410.64,407.586398,654.01,426.89
443.35,361.96,410.27,407.586398,654.03,425.97
443.57,361.87,410.14,407.586398,653.99,424.98
443.69,361.76,410.04,407.586398,653.97,423.98
443.69,361.6,409.96,407.586398,653.92,422.97
443.68,361.14,410,407.586398,653.92,421.99
443.71,361.05,409.89,407.586398,653.89,421.03
443.77,360.97,409.76,407.805472,652.768311,419.022347
443.85,360.9,409.58,407.805472,652.37,417.87
443.83,360.89,409.23,408.024547,652.22,416.96
443.82,360.78,409.12,408.243621,652.05,416.06
443.8,360.63,409.05,408.68177,651.93,415.23
443.8,360.15,409.12,408.68177,651.99,414.66
443.87,360.06,409,408.68177,651.97,414.03
443.94,359.97,408.88,408.68177,651.83,413.27
443.93,359.9,408.75,408.68177,651.9,412.78
443.91,359.83,408.58,408.68177,651.69,412
443.9,359.81,408.25,408.68177,651.15,411.09
443.89,359.68,408.15,408.68177,650.76,410.35
443.94,359.49,408.1,408.68177,650.33,409.78
444.03,359.09,408.12,407.148249,649.99,409
444,359.02,408.01,407.148249,649.92,408.3
443.99,358.95,407.91,407.148249,650.05,407.85
443.98,358.87,407.81,407.148249,649.8,407.08
443.98,358.78,407.73,407.586398,649.95,406.73
444,358.66,407.63,408.243621,649.64,406.09
444.12,358.43,407.65,408.243621,648.97,405.44
444.09,358.08,407.69,408.243621,648.38,404.83
444.06,358.02,407.57,408.243621,648.08,404.08
444.03,358.03,407.25,408.243621,648.47,403.8
444.01,357.95,407.14,408.243621,648.23,403.08
444.04,357.88,407.07,409.777142,646.89,406.03
444.18,357.78,407.03,409.777142,645.54,405.09
444.14,357.67,407,409.119919,645.83,404.9
444.11,357.53,406.99,409.119919,646.14,404.59
444.08,357.12,407.08,409.119919,645.72,403.97
444.06,357.05,407.02,409.119919,645.66,403.67
444.07,356.97,406.97,409.119919,645.41,403.04
444.23,356.9,406.92,410.434366,645.4,402.79
444.2,356.82,406.88,410.434366,646.852511,397.407004
444.17,356.72,406.86,410.434366,646.86,396.76
444.14,356.6,406.87,410.65344,646.83,396.22
444.11,356.15,407.02,410.65344,646.54,396.05
444.12,356.08,407,410.65344,646.04,395.92
444.15,356.02,406.98,410.65344,645.92,395.69
444.24,355.96,406.97,410.65344,645.92,395.22
444.2,355.9,406.95,410.872514,645.73,395.12
444.18,355.82,406.96,411.091589,645.44,395.03
444.17,355.72,406.98,411.091589,645.274964,394.77811
444.17,355.6,407.02,411.091589,644.95,395.01
444.2,355.14,407.22,411.091589,644.88,395
444.31,355.08,407.25,411.091589,644.87,395
444.3,355.03,407.28,411.748812,643.105837,394.77811
444.27,354.97,407.31,411.748812,642.64,395.13
444.25,354.9,407.36,411.967887,642.317064,394.486011
444.24,354.82,407.41,411.967887,642.06,394.1
444.27,354.74,407.47,411.967887,642.08,394.38
444.4,354.41,407.87,411.967887,641.98,395.01
444.58,354.08,408.02,411.967887,641.98,395.64
444.51,354.02,408.08,412.186961,641.93,396.22
444.35,353.98,408.12,412.62511,641.95,396.84
444.35,353.92,408.17,411.748812,641.98,397.36
444.39,353.85,408.24,411.529738,641.97,397.97
444.59,353.77,408.32,411.529738,641.95,398.8
444.7,353.69,408.41,411.529738,641.89,399.6
444.69,353.4,408.71,411.529738,642.01,400.18
444.73,353.03,409.01,411.529738,641.99,401.25
444.89,352.99,409.08,411.310663,642.01,402.09
444.86,352.93,409.15,410.872514,641.98,403.09
444.84,352.86,409.23,411.967887,641.97,404.08
444.81,352.77,409.32,411.967887,642.02,405.16
444.81,352.68,409.41,411.967887,642.02,406.02
444.86,352.39,409.72,411.967887,641.98,407.14
444.97,352.04,410.03,411.967887,642.04,408.06
444.94,351.99,410.12,411.967887,642.03,409.06
444.91,351.92,410.2,412.844184,642.01,410.06
444.89,351.84,410.29,412.844184,642.03,410.94
444.91,351.76,410.37,412.844184,642.03,412
444.96,351.68,410.47,412.844184,641.98,413.07
445.02,351.3,410.94,412.406035,642.03,413.88
444.98,351.04,411.08,412.406035,641.98,414.92
444.95,350.99,411.15,412.844184,642,415.71
444.94,350.92,411.23,411.529738,642.01,416.37
444.96,350.86,411.31,411.529738,642.03,417.13
444.99,350.81,411.38,412.406035,642.03,417.99
445.05,350.73,411.48,411.967887,641.98,418.79
445.01,350.37,411.92,411.967887,640.93671,425.448531
444.99,350.06,412.08,411.967887,640.39,426
444.99,350.01,412.13,411.967887,640.14,426.94
445,349.95,412.2,411.967887,640.14,427.77
445.02,349.88,412.28,414.377705,640.05,428.57
445.09,349.81,412.36,414.377705,640.14,429.13
445.05,349.73,412.43,414.815854,640.01,429.99
445.02,349.35,412.89,414.815854,639.86,430.85
445.01,349.06,413.03,414.815854,639.82,431.3
445.01,349.01,413.08,414.815854,639.51,432
445.01,348.96,413.11,413.720482,639.556357,436.256203
445.1,348.89,413.15,413.939556,639.89,436.6
445.05,348.81,413.19,416.349375,639.72,437.08
445.02,348.75,413.23,416.349375,639.36,437.8
444.99,348.67,413.27,416.349375,639.12,438.11
444.98,348.58,413.31,416.349375,638.93,438.78
444.98,348.03,413.73,416.349375,638.84,439.01
445.09,347.93,413.87,416.349375,638.66,439.41
445.05,347.87,413.87,415.034929,638.27,439.89
445.01,347.81,413.89,415.692152,638,440.04
444.99,347.72,413.91,417.006598,637.79,440.36
444.98,347.62,413.93,417.006598,637.69,440.85
444.98,347.45,413.99,417.006598,637.16,440.92
444.98,347.09,414.09,417.006598,636.64,441.01
445.1,347.04,414.08,416.56845,636.03,441.16
445.06,346.99,414.08,416.56845,635.415296,439.177195
445.02,346.92,414.07,416.56845,634.78,439.06
444.98,346.86,414.04,415.911226,634.18,439.06
444.95,346.76,414.04,415.911226,634.05,439.18
444.94,346.66,414.05,415.911226,634.42933,439.469294
444.96,346.54,414.05,415.911226,634.37,439.03
445.09,346.11,414.21,415.911226,634.03,438.86
445.05,346.05,414.18,415.911226,633.96,438.79
445.02,346,414.13,415.911226,633.94,438.86
445,345.95,414.09,415.911226,633.83775,438.008798
444.97,345.88,414.06,415.911226,634.14,437.89
444.96,345.81,414.01,415.911226,634.18,437.67
444.96,345.72,413.97,415.911226,634.06,437.14
444.99,345.61,413.93,415.911226,634,436.71
445.11,345.42,413.97,415.911226,633.640556,438.008798
445.08,345.08,414.03,415.692152,633.22,436.94
445.06,345.03,413.98,411.091589,633.14,436.07
445.04,344.97,413.94,412.406035,633.19,435.28
445.02,344.9,413.87,413.720482,633.24,434.37
445.01,344.83,413.78,414.59678,633.84,433.86
445,344.73,413.73,414.59678,634.11,433.08
445,344.68,413.63,414.59678,634.11,432.21
445.03,344.47,413.66,414.59678,634.43,431.72
445.09,344.08,413.75,414.59678,634.93,431.25
445.06,344.01,413.66,414.59678,635.11,430.68
445.04,343.96,413.55,414.59678,635.11,429.87
445.03,343.99,413.23,414.377705,635.04,429
445.03,343.94,413.14,414.377705,635.03,428.1
445.03,343.88,413.06,414.158631,634.99,427.23
445.04,343.81,412.99,414.158631,634.98,426.45
445.05,343.72,412.91,414.158631,635.15,425.89
445.18,343.6,412.87,414.158631,635.05,425.03
445.16,343.14,412.98,414.158631,634.99,424.13
445.14,343.08,412.9,414.158631,634.95,423.25
445.12,343.02,412.81,413.939556,635.08,422.69
445.11,342.97,412.7,413.939556,635.05,421.97
445.1,342.95,412.51,413.939556,634.98,421.15
445.09,342.95,412.22,413.939556,635.03,420.49
445.08,342.88,412.13,413.939556,635,419.82
445.07,342.81,412.06,414.158631,634.88,418.97
445.09,342.71,411.99,414.158631,634.034943,418.438149
445.16,342.62,411.91,414.158631,633.3,416.97
445.14,342.48,411.87,414.158631,633.08,415.98
445.13,342.1,411.9,414.158631,632.96,415.08
445.12,342.06,411.79,413.720482,632.95,414.31
445.12,342.02,411.68,413.720482,633.09,413.87
445.12,341.98,411.56,413.501408,632.97,413.03
445.12,342.01,411.25,413.501408,634.232136,412.011966
445.13,341.96,411.14,413.501408,635.02091,411.135668
445.13,341.91,411.05,413.501408,635.02091,411.135668
445.28,341.84,410.97,414.377705,634.95,410.34
445.27,341.78,410.88,414.377705,635.18,409.94
445.26,341.7,410.81,414.59678,634.97,409
445.25,341.6,410.74,413.720482,634.74,408.08
445.24,341.48,410.7,413.720482,634.232136,406.169981
445.22,341.1,410.77,413.720482,635.415296,405.877882
445.2,341.05,410.67,413.720482,634.549756,405.140204
445.19,341.02,410.55,413.282333,632.972209,404.620916
445.18,341.05,410.25,413.282333,632.23,404.03
445.16,341,410.15,413.282333,632.796926,403.582341
445.17,340.95,410.07,413.063259,632.88,403.3
445.33,340.9,410,413.282333,632.92,402.98
445.31,340.85,409.94,413.282333,632.75,402.23
445.32,340.8,409.88,413.282333,632.8,401.81
445.31,340.75,409.81,413.282333,632.56,401.07
445.31,340.71,409.72,413.282333,632.09,400.42
445.33,340.68,409.6,413.282333,632.1,400.02
445.34,340.73,409.29,413.282333,631.99,399.52
445.34,340.68,409.22,413.501408,631.96,399.01
445.32,340.62,409.16,413.501408,632.446361,396.571959
445.33,340.51,409.13,413.501408,632.15,396.65
445.32,340.11,409.23,414.815854,631.86,396.04
445.3,340.07,409.16,415.473077,631.73,395.78
445.29,340.04,409.1,415.473077,631.6,395.05
445.53,340.01,409.05,415.473077,631.06,394.83
445.66,339.97,409.01,415.473077,631.05,394.3
445.63,339.94,408.97,415.473077,630.95,393.95
445.55,339.89,408.95,415.692152,630.86,393.63
445.36,339.85,408.93,417.663822,630.74,393.15
445.36,339.8,408.9,417.225673,630.29,393
445.37,339.76,408.86,415.911226,629.9,392.8
445.38,339.73,408.81,415.911226,629.95,392.32
445.38,339.69,408.77,415.911226,629.82,392.11
445.38,339.65,408.74,415.911226,629.44,391.99
445.39,339.58,408.75,415.692152,628.96,391.89
445.4,339.51,408.76,415.692152,629.16,391.34
445.57,339.15,408.89,415.692152,629.03,391.14
445.81,339.13,408.86,415.911226,628.96,390.98
445.79,339.09,408.83,415.911226,628.88,390.82
445.77,339.07,408.8,415.911226,628.85,390.49
445.74,339.04,408.79,415.911226,628.83,390.19
445.73,339.01,408.79,415.911226,628.62,390.14
445.7,338.99,408.8,415.911226,627.99,390.25
445.69,338.96,408.81,416.787524,627.92,390.19
445.66,338.94,408.83,417.006598,627.87,390.2
445.65,338.92,408.84,417.225673,627.538437,390.340509
445.67,338.89,408.85,417.663822,627.87,390.05
445.7,338.86,408.86,417.663822,628.07,390.09
445.88,338.84,408.87,417.663822,628.14,390.17
445.87,338.8,408.9,417.663822,628.15,390.33
445.86,338.77,408.94,417.663822,626.662022,389.301934
445.85,338.73,408.97,415.034929,626.07,389.91
445.85,338.7,409.01,415.034929,625.24,390.9
445.85,338.68,409.03,415.034929,624.909192,391.379084
445.84,338.65,409.07,415.034929,624.1,392.05
445.84,338.63,409.09,415.034929,623.24,393.14
445.82,338.6,409.13,415.473077,622.43,394.22
445.81,338.58,409.17,415.473077,622.18,395.02
445.8,338.53,409.25,415.692152,622.06,395.68
445.79,338.07,409.65,415.692152,622.21,396.05
445.8,338.01,409.84,415.692152,622.13,396.73
445.8,338,409.89,415.692152,622.27,397.23
445.83,338,409.94,415.692152,622.15,398.02
445.83,338,409.99,415.692152,624.558627,398.908753
445.94,337.99,410.06,415.692152,625.92,399.08
445.93,337.98,410.14,416.130301,626.94,399.09
445.93,337.96,410.22,416.130301,627.94,399.14
445.92,337.93,410.33,416.130301,628.96,399.21
445.92,337.9,410.45,416.130301,624.909192,402.024478
445.93,337.78,410.8,417.663822,624.909192,402.284122
445.94,337.78,410.9,417.663822,624.3,403.16
445.94,337.76,410.98,417.663822,624.24,404
445.94,337.75,411.07,417.663822,624.11,404.95
445.93,337.73,411.17,418.321045,624.04,405.87
445.91,337.72,411.29,417.663822,623.92,406.79
445.89,337.68,411.45,417.663822,623.89,407.61
445.86,337.38,411.93,417.663822,624.08,408.09
445.84,337.12,412.14,417.663822,623.99,409.01
445.81,337.11,412.26,417.663822,623.99,409.95
445.8,337.09,412.43,419.197343,623.93,410.96
445.78,337.01,412.8,419.197343,623.92,411.86
445.76,337.01,412.92,419.197343,623.87,412.82
445.74,337.01,413.02,419.416417,623.92,413.8
445.73,337.01,413.15,420.949938,623.87,414.77
445.73,337.01,413.28,421.169013,623.94,415.58
445.75,336.99,413.45,421.169013,624,416.45
445.77,336.9,413.82,420.949938,624.01,417.33
445.8,336.89,413.93,420.949938,624,418.31
445.97,336.88,414.04,420.949938,623.93,419.36
445.96,336.85,414.17,420.949938,623.94,420.13
445.93,336.84,414.31,421.607162,623.89,421.01
445.9,336.81,414.5,421.607162,624.383344,426.690637
445.87,336.67,414.9,421.607162,624.45,427.78
445.83,336.67,415,421.607162,624.31,428.8
445.79,336.68,415.08,421.607162,623.81,429.85
445.74,336.7,415.17,420.949938,623.08,430.98
445.66,336.71,415.27,420.730864,622.35,432.06
445.63,336.72,415.36,420.730864,622.24,432.96
445.59,337.083955,416.713885,420.730864,622.13,433.85
445.54,336.99,417.14,421.826236,622.08,434.65
445.28,336.99,417.24,420.511789,622.11,435.16
445.24,337.01,417.24,420.949938,621.91,435.98
445.22,337,417.37,420.730864,621.78,436.8
445.19,336.95,417.55,420.730864,621.58,437.56
445.16,336.89,417.81,420.730864,620.95,438.06
445.14,336.89,417.89,423.044099,620.34,438.86
445.11,336.88,417.94,423.044099,620.11,439.52
445.09,336.87,417.99,423.044099,620.08,439.93
445.06,336.85,418.05,423.044099,619.88,440.28
445.05,336.84,418.09,423.300248,619.85,440.95
445.03,336.82,418.15,422.531801,619.68,441.43
445.02,336.79,418.22,422.531801,619.67,441.91
445.02,336.76,418.29,423.044099,619.61,442.11
445.17,336.68,418.43,423.300248,617.897873,440.7114
445.14,336.35,418.89,423.300248,617.7,441.09
445.11,336.06,419.03,423.300248,617.37,441.34
445.08,336.05,419.05,423.812546,617.29,441.76
445.07,336.04,419.06,423.812546,617.15,441.86
445.04,336.03,419.07,423.812546,617.06,441.92
445.02,336.01,419.08,423.556397,616.98,441.92
444.99,336,419.09,423.556397,616.88,441.89
444.97,335.99,419.12,424.324844,616.44297,443.173096
444.94,335.97,419.13,424.324844,616.06,442.94
444.9,335.94,419.14,424.324844,616.11,442.8
444.87,335.93,419.12,424.324844,616.25,442.55
444.85,335.91,419.11,424.324844,616.02,441.13
444.82,335.88,419.1,424.068695,616.02,440.37
444.89,335.84,419.11,424.580994,615.508128,443.173096
445.06,335.8,419.1,424.580994,616.16,442.95
445.01,335.74,419.12,424.580994,616.91,442.99
444.97,335.69,419.12,424.580994,615.040706,441.442137
444.92,335.65,419.12,424.068695,614.57,440.01
444.89,335.6,419.1,424.068695,614.35,438.82
444.85,335.53,419.1,424.068695,614.32,437.71
444.81,335.07,419.33,423.812546,614.42,436.73
444.78,334.99,419.45,423.812546,614.65,435.78
444.76,334.97,419.4,423.812546,615.14,434.93
444.74,334.99,419.2,423.044099,615.93,434.35
444.74,334.96,419.15,423.044099,616.93,434.2
444.77,334.93,419.09,422.78795,617.9,434
444.96,334.9,419.04,422.019503,615.975549,431.74877
444.93,334.86,419,422.019503,615.2,430.02
444.9,334.81,418.95,421.763354,616.44297,430.364003
444.86,334.75,418.92,421.763354,617.02,429.85
444.81,334.65,418.92,421.251056,617.55,429.03
444.77,334.49,418.95,421.763354,617.63,428.02
444.73,334.06,419.06,421.251056,617.72,427
444.74,334.02,419,421.251056,617.8,425.98
444.86,333.99,418.93,421.251056,617.86,424.93
444.83,333.95,418.87,423.300248,617.92,423.9
444.81,333.92,418.81,422.78795,617.95,422.88
444.78,333.88,418.74,422.275652,617.99,421.87
444.76,333.83,418.66,422.275652,618,420.85
444.75,333.81,418.57,422.275652,618.05,419.84
444.73,333.86,418.25,422.275652,618.06,418.82
444.72,333.82,418.15,421.763354,618.11,417.81
444.73,333.76,418.07,422.275652,618.17,416.77
444.81,333.68,418,422.531801,618.19,415.74
444.76,333.58,417.96,424.324844,618.18,414.71
444.69,333.07,418.1,424.324844,619.714919,411.669652
444.62,333.03,418.03,424.324844,620.92,411.7
444.56,332.99,417.97,424.324844,621.47,411.11
444.35,332.95,417.89,424.324844,621.81,410.6
444.3,332.9,417.82,424.580994,621.85,409.74
444.26,332.84,417.73,424.580994,621.78,408.81
444.23,332.82,417.61,423.300248,621.75,407.91
444.2,332.88,417.26,423.300248,621.61,406.95
444.2,332.82,417.19,423.300248,620.91,405.73
444.2,332.78,417.1,420.738758,619.481208,405.438201
444.32,332.041198,416.713885,420.738758,618.47,404.01
444.28,332.041198,416.713885,420.738758,617.82,402.89
444.25,331.97,416.94,420.738758,617.44,401.89
444.22,331.92,416.86,420.482609,617.6,401.13
444.18,331.88,416.77,420.482609,618.25,400.7
444.14,331.85,416.65,420.482609,619.07,400.21
444.12,331.87,416.48,420.482609,619.86,399.86
444.09,331.92,416.19,420.482609,619.714919,398.168176
444.06,331.87,416.12,420.482609,619.83,397.2
444.02,331.8,416.07,420.482609,619.93,396.68
444.01,331.080673,415.557852,420.482609,619.8,395.97
444.09,330.97,415.89,420.738758,619.82,395.42
444.06,330.91,415.91,420.994907,619.75,394.93
444.02,330.86,415.87,420.994907,618.312655,391.936725
443.98,330.81,415.84,420.994907,617.22,391.14
443.96,330.77,415.78,420.994907,617.25,390.89
443.92,330.660443,415.468926,420.994907,617.1,390.14
443.89,330.96,414.96,420.994907,617.12,389.78
443.87,330.94,414.91,420.994907,617.02,389.15
443.85,330.445123,415.652121,421.507205,617.04,388.82
443.85,329.97,415.97,421.507205,616.9,388.15
443.97,329.94,415.94,421.507205,616.91,387.84
443.94,329.9,415.92,421.507205,616.49,387.16
443.9,329.86,415.9,421.507205,616.20926,387.436233
443.84,329.81,415.89,421.507205,615.93,386.76
443.77,329.77,415.88,420.482609,615.89,386.26
443.7,329.71,415.86,420.482609,615.74,386.02
443.63,329.65,415.86,420.226459,616.44297,385.359083
443.52,329.56,415.9,420.226459,615.92,384.94
443.29,329.15,416.07,419.97031,615.7,384.82
443.25,329.13,416.08,419.714161,615.1,384.8
443.21,329.11,416.08,419.714161,615.12,384.41
443.19,329.08,416.1,419.714161,615.04,384.09
443.17,329.06,416.1,419.714161,614.89,384.03
443.29,329.03,416.11,419.97031,614.73,384.01
443.24,329.01,416.13,419.97031,614.52,383.98
443.2,328.99,416.15,419.97031,613.99,384
443.15,328.96,416.17,419.97031,613.88,383.97
443.13,328.95,416.2,419.97031,613.63,383.97
443.1,328.92,416.23,419.97031,613.1,384.02
443.08,328.91,416.26,419.97031,613.03,384.03
443.06,328.89,416.32,420.738758,612.91,384.07
443.03,328.87,416.35,419.714161,612.78,384.04
443.02,328.524073,416.126391,419.458012,612.002468,386.051467
443.08,328.75,416.13,418.689565,611.07,386.96
443.04,328.98,416.08,418.177267,610.32,387.82
443.01,328.96,416.14,417.40882,610.16,388.66
442.98,328.94,416.2,417.40882,610.366494,388.128617
442.96,327.723635,417.193499,417.40882,610.1,388.48
442.94,327.75,417.23,417.40882,610.16,389.21
442.92,328,417.08,417.664969,610.07,390.1
442.91,328,417.13,418.433416,609.94,390.93
443.02,327.98,417.21,419.866482,609.9,391.78
442.98,327.96,417.32,419.866482,609.9,392.72
442.95,327.91,417.46,419.866482,609.9,393.74
442.92,327.71,417.85,419.866482,609.91,394.43
442.88,327.68,417.92,419.866482,610,395.09
442.85,327.69,417.97,419.866482,610.01,396.07
442.83,327.69,418.03,419.866482,609.99,397.1
442.81,327.69,418.12,419.866482,609.99,398.1
442.79,327.323416,418.734876,419.866482,610.02,399.13
442.79,327,419.06,419.866482,610.06,400.32
442.9,327,419.13,419.866482,610.03,401.28
443.02,326.99,419.22,419.866482,610.06,402.32
442.99,326.97,419.33,419.866482,610,403.62
442.96,326.93,419.48,419.866482,609.95,404.89
442.92,326.76,419.86,419.866482,609.95,406
442.87,326.73,419.95,420.777235,609.98,407.06
442.85,326.72,420.03,417.43781,609.99,408.13
442.83,326.71,420.12,417.741394,610.02,409.19
442.81,326.69,420.23,420.170066,610.05,410.19
442.77,326.62,420.39,420.170066,610.07,411.22
442.77,326.2,420.93,420.170066,610.06,412.27
442.73,325.99,421.05,420.170066,610.06,413.26
442.71,325.98,421.13,420.170066,610.05,414.19
442.66,325.97,421.21,420.170066,610.05,415.09
442.61,325.94,421.34,420.170066,610.03,416.06
442.55,325.89,421.48,420.170066,610.05,416.99
442.23,325.69,421.88,420.777235,610.04,417.94
442.16,325.65,421.95,421.080819,613.872153,421.363019
442.12,325.63,422.01,421.080819,613.404732,422.055403
442.08,325.63,422.07,422.598739,613.34,422.81
442.05,325.62,422.14,422.598739,612.91,423.88
442.02,325.59,422.23,422.598739,612.86,424.75
442.25,325.562454,423.477576,422.598739,612.85,425.66
442.42,325.97,423.15,422.598739,613.02,426.28
442.72,325.97,423.09,422.902323,612.98,427.05
442.66,325.96,423.14,422.902323,612.93,427.92
442.61,325.94,423.18,422.902323,613.12,428.42
442.57,325.92,423.23,422.902323,612.96,429.13
442.51,325.89,423.28,422.902323,612.85,429.93
442.18,325.86,423.36,422.902323,614.339574,431.74877
442.15,325.81,423.43,422.902323,614.21,432.66
442.13,325.65,423.77,422.902323,613.95,433.31
442.11,325.56,423.85,423.813075,613.85,433.98
442.09,325.12,424,423.813075,613.171021,436.249262
442.07,325.1,424.01,423.813075,612.7036,437.287837
442.06,325.07,424.03,423.813075,612.7036,437.287837
442.05,325.04,424.06,423.813075,612.96,437.55
442.04,325.02,424.08,423.813075,612.89,437.96
442.02,325,424.1,423.813075,612.7036,437.287837
441.99,324.98,424.1,423.813075,612.95,437.22
441.96,324.97,424.09,423.813075,612.9,437.53
441.95,324.94,424.09,424.116659,612.83,437.98
441.93,324.93,424.07,423.813075,611.535047,439.711179
441.9,324.9,424.07,423.813075,611.73,440.07
441.88,324.87,424.06,423.509491,611.85,440.23
441.87,324.84,424.06,423.509491,611.79,440.17
441.85,324.8,424.05,423.509491,611.535047,439.711179
441.84,324.76,424.03,423.509491,611.81,439.88
441.83,324.72,424.02,423.205907,612.04,439.75
441.83,324.68,423.99,422.598739,610.833915,441.788329
441.96,324.62,423.97,422.598739,610.8,441.8
441.94,324.57,423.96,422.598739,611.16,441.62
441.93,324.46,423.97,422.598739,611.1,441.09
441.91,324.07,424.05,422.598739,611.05,440.09
441.89,324.04,424.02,422.598739,610.94,439.12
441.87,324.01,423.99,422.598739,611.07,438.71
441.86,323.99,423.95,422.598739,611.01,438
441.83,323.96,423.9,422.598739,610.98,437.29
441.82,323.93,423.86,421.687987,611.09,436.72
441.79,323.9,423.82,421.687987,611.05,435.86
441.78,323.87,423.76,421.687987,611.03,434.96
441.76,323.83,423.72,421.080819,611.02,434.01
441.74,323.8,423.65,421.080819,611.01,433.1
441.72,323.8,423.54,420.777235,610.99,432.22
441.7,323.84,423.24,420.777235,610.97,431.37
441.69,323.8,423.17,420.777235,611.09,430.68
441.69,323.77,423.09,420.777235,611.1,429.91
441.86,323.71,423.04,419.562898,611.03,429.02
441.83,323.64,423,419.562898,610.95,428.15
441.8,323.58,422.96,419.562898,611.03,427.52
441.79,323.48,422.93,419.562898,611.06,426.81
441.78,323.09,422.98,419.562898,611.02,425.98
441.75,323.05,422.91,418.652146,610.96,425.1
441.73,323.03,422.85,418.652146,610.92,424.25
441.72,323,422.78,418.652146,611.09,423.76
441.68,322.97,422.7,418.652146,611.07,422.98
441.64,322.94,422.61,418.652146,610.99,422.12
441.58,322.94,422.49,418.652146,610.833915,421.016828
441.55,322.96,422.21,418.652146,610.99,420.09
441.52,322.93,422.12,418.652146,610.93,419.18
441.33,322.91,422.05,418.652146,611,418.45
